Original Word,Variation 1,Variation 2,Variation 3,Variation 4,Variation 5,Variation 6,Variation 7,Variation 8,Variation 9,Variation 10,Variation 11,Variation 12,Variation 13,Variation 14,Variation 15,Variation 16,Variation 17,Variation 18,Variation 19,Variation 20,Variation 21,Variation 22,Variation 23,Variation 24,Variation 25,Variation 26,Variation 27,Variation 28,Variation 29,Variation 30,Variation 31,Variation 32,Variation 33,Variation 34,Variation 35,Variation 36,Variation 37,Variation 38,Variation 39,Variation 40,Variation 41,Variation 42,Variation 43,Variation 44,Variation 45,Variation 46,Variation 47,Variation 48,Variation 49,Variation 50,Variation 51,Variation 52,Variation 53,Variation 54,Variation 55,Variation 56,Variation 57,Variation 58,Variation 59,Variation 60,Variation 61,Variation 62,Variation 63,Variation 64,Variation 65,Variation 66,Variation 67,Variation 68,Variation 69,Variation 70,Variation 71,Variation 72,Variation 73,Variation 74,Variation 75,Variation 76,Variation 77,Variation 78,Variation 79,Variation 80,Variation 81,Variation 82,Variation 83,Variation 84,Variation 85,Variation 86,Variation 87,Variation 88,Variation 89,Variation 90,Variation 91,Variation 92,Variation 93,Variation 94,Variation 95,Variation 96,Variation 97,Variation 98,Variation 99,Variation 100,Variation 101,Variation 102,Variation 103,Variation 104,Variation 105,Variation 106,Variation 107,Variation 108,Variation 109,Variation 110,Variation 111,Variation 112,Variation 113,Variation 114,Variation 115,Variation 116,Variation 117,Variation 118,Variation 119,Variation 120,Variation 121,Variation 122,Variation 123,Variation 124,Variation 125,Variation 126,Variation 127,Variation 128,Variation 129,Variation 130,Variation 131,Variation 132,Variation 133,Variation 134,Variation 135,Variation 136,Variation 137,Variation 138,Variation 139,Variation 140,Variation 141,Variation 142,Variation 143,Variation 144,Variation 145,Variation 146,Variation 147,Variation 148,Variation 149,Variation 150,Variation 151,Variation 152,Variation 153,Variation 154,Variation 155,Variation 156,Variation 157,Variation 158,Variation 159,Variation 160,Variation 161,Variation 162,Variation 163,Variation 164,Variation 165,Variation 166,Variation 167,Variation 168,Variation 169,Variation 170,Variation 171,Variation 172,Variation 173,Variation 174,Variation 175,Variation 176,Variation 177,Variation 178,Variation 179,Variation 180,Variation 181,Variation 182,Variation 183,Variation 184,Variation 185,Variation 186,Variation 187,Variation 188,Variation 189,Variation 190,Variation 191,Variation 192,Variation 193,Variation 194,Variation 195,Variation 196,Variation 197,Variation 198,Variation 199,Variation 200,Variation 201,Variation 202,Variation 203,Variation 204,Variation 205,Variation 206,Variation 207,Variation 208,Variation 209,Variation 210,Variation 211,Variation 212,Variation 213,Variation 214,Variation 215,Variation 216,Variation 217,Variation 218,Variation 219,Variation 220,Variation 221,Variation 222,Variation 223,Variation 224,Variation 225,Variation 226,Variation 227,Variation 228,Variation 229,Variation 230,Variation 231,Variation 232,Variation 233,Variation 234,Variation 235,Variation 236,Variation 237,Variation 238,Variation 239,Variation 240,Variation 241,Variation 242,Variation 243,Variation 244,Variation 245,Variation 246,Variation 247,Variation 248,Variation 249,Variation 250,Variation 251,Variation 252,Variation 253,Variation 254,Variation 255,Variation 256,Variation 257,Variation 258,Variation 259,Variation 260,Variation 261,Variation 262,Variation 263,Variation 264,Variation 265,Variation 266,Variation 267,Variation 268,Variation 269,Variation 270,Variation 271,Variation 272,Variation 273,Variation 274,Variation 275,Variation 276,Variation 277,Variation 278,Variation 279,Variation 280,Variation 281,Variation 282,Variation 283,Variation 284,Variation 285,Variation 286,Variation 287,Variation 288,Variation 289,Variation 290,Variation 291,Variation 292,Variation 293,Variation 294,Variation 295,Variation 296,Variation 297,Variation 298,Variation 299,Variation 300,Variation 301,Variation 302,Variation 303,Variation 304,Variation 305,Variation 306,Variation 307,Variation 308,Variation 309,Variation 310,Variation 311,Variation 312,Variation 313,Variation 314,Variation 315,Variation 316,Variation 317,Variation 318,Variation 319,Variation 320,Variation 321,Variation 322,Variation 323,Variation 324,Variation 325,Variation 326,Variation 327,Variation 328,Variation 329,Variation 330,Variation 331,Variation 332,Variation 333,Variation 334,Variation 335,Variation 336,Variation 337,Variation 338,Variation 339,Variation 340,Variation 341,Variation 342,Variation 343,Variation 344,Variation 345,Variation 346,Variation 347,Variation 348,Variation 349,Variation 350,Variation 351,Variation 352,Variation 353,Variation 354,Variation 355,Variation 356,Variation 357,Variation 358,Variation 359,Variation 360,Variation 361,Variation 362,Variation 363,Variation 364,Variation 365,Variation 366,Variation 367,Variation 368,Variation 369,Variation 370,Variation 371,Variation 372,Variation 373,Variation 374,Variation 375,Variation 376,Variation 377,Variation 378,Variation 379,Variation 380,Variation 381,Variation 382,Variation 383,Variation 384
abusive,abu$ive,abu$!ve,@bus1ve,@bu$ive,abus!ve,@bu$1ve,abus1ve,@bu$!ve,@bus!ve,@busive,abusive,abu$1ve
arrogant,arrog@|\|t,arrog@nt,arro9a|\|t,arr0g@nt,@rr0gant,@rr09@|\|t,arrogant,@rrog@nt,@rr09@nt,@rrogant,@rro9a|\|t,@rr0g@|\|t,arr09ant,arroga|\|t,@rro9@|\|t,@rr0ga|\|t,@rrog@|\|t,arr0gant,arr09@nt,arro9@|\|t,@rro9@nt,@rr09ant,@rr09a|\|t,arro9@nt,arr09@|\|t,arr09a|\|t,@rroga|\|t,arr0ga|\|t,arr0g@|\|t,@rr0g@nt,arro9ant,@rro9ant
bastard,b@st@r|),b@st@rd,b@$tard,b@$tar|),bastard,ba$tard,ba$tar|),b@$t@r|),bast@r|),ba$t@r|),ba$t@rd,b@stard,bastar|),bast@rd,b@star|),b@$t@rd
beast,be@$t,bea$t,beast,be@st
bitch,b1tc#,b1t(h,bitc#,b1tch,b!t(h,b1t(#,b!tc#,bitch,bit(#,b!tch,b!t(#,bit(h
bore,b0re,bore
bully,bu1ly,bu11y,bully,bul1y
cunt,cu|\|t,(unt,(u|\|t,cunt
douchebag,|)ouc#eb@9,|)ou(#eb@9,|)oucheb@9,|)0uc#eba9,|)0uc#eb@9,dou(heb@g,dou(#eb@9,|)ou(hebag,d0uc#eb@g,|)ou(heba9,|)oucheb@g,doucheb@9,|)0u(heb@9,|)0u(#ebag,d0u(hebag,|)0u(#eba9,d0uc#eba9,|)0uchebag,douc#eba9,d0u(heb@g,dou(hebag,dou(#eba9,d0uc#ebag,|)ouchebag,dou(heba9,d0u(#eb@g,douc#eb@9,douc#ebag,|)ou(#eba9,dou(#ebag,|)0uc#eb@g,douchebag,doucheb@g,dou(#eb@g,|)ouc#ebag,|)0u(#eb@9,|)ou(heb@g,d0uchebag,doucheba9,|)ou(#eb@g,|)ou(#ebag,|)0u(hebag,|)0u(heba9,|)0u(#eb@g,d0u(heb@9,dou(heb@9,|)0ucheb@9,|)0ucheb@g,d0u(#eba9,d0u(#ebag,d0u(heba9,|)ouc#eb@g,|)0uc#ebag,d0uc#eb@9,d0ucheb@9,d0ucheb@g,|)ou(heb@9,d0ucheba9,d0u(#eb@9,|)oucheba9,|)0u(heb@g,douc#eb@g,|)0ucheba9,|)ouc#eba9
dumbass,dumb@$$,|)u|\/|ba$s,|)umbass,|)umba$$,|)u|\/|bas$,|)u|\/|ba$$,du|\/|bas$,du|\/|b@$s,|)umb@s$,du|\/|ba$s,|)umb@$s,du|\/|b@$$,dumb@$s,dumb@s$,|)u|\/|b@$s,dumbas$,|)u|\/|b@ss,dumb@ss,du|\/|b@ss,|)umb@ss,|)u|\/|bass,du|\/|ba$$,du|\/|bass,|)u|\/|b@$$,dumbass,dumba$s,du|\/|b@s$,|)u|\/|b@s$,|)umbas$,dumba$$,|)umb@$$,|)umba$s
fag,f@9,fag,f@g,fa9
faggot,fag9ot,f@99ot,faggot,f@g9ot,f@9g0t,fag90t,fa99ot,f@gg0t,f@990t,fagg0t,f@9got,f@g90t,fa9got,f@ggot,fa9g0t,fa990t
freak,fre@k,freak
fuck,fu(k,fuck
idiot,id!ot,1diot,!d!0t,!d1ot,i|)!0t,!|)!0t,!|)1ot,id!0t,1d1ot,1di0t,id10t,1|)iot,idiot,1|)i0t,!diot,idi0t,1d!0t,i|)10t,i|)iot,!|)10t,1|)10t,1d!ot,1|)!0t,i|)i0t,i|)!ot,!di0t,1|)!ot,!|)!ot,1|)1ot,!|)i0t,1d10t,!d!ot,id1ot,i|)1ot,!d10t,!|)iot
impolite,1mpol1te,1mpo11te,1mp0lite,!mpo1!te,imp01!te,impo1ite,!|\/|polite,1|\/|pol1te,!mp0l!te,1mp01!te,1mpo1!te,1|\/|p01ite,!mp01ite,1|\/|po1ite,1|\/|pol!te,i|\/|p0l1te,i|\/|po11te,!|\/|pol!te,!|\/|p0lite,1|\/|po1!te,!mp0l1te,imp0l1te,!mp011te,i|\/|po1ite,!|\/|po1ite,impol!te,i|\/|p011te,!mp0lite,!|\/|p011te,!mpo1ite,1mp01ite,imp011te,1mp011te,1|\/|po11te,i|\/|p01ite,impo1!te,i|\/|polite,!|\/|p0l1te,i|\/|p0l!te,1mpo1ite,i|\/|po1!te,!|\/|p01ite,1|\/|p01!te,1|\/|p0l!te,!|\/|po1!te,!|\/|p0l!te,1mp0l1te,1|\/|polite,!mpo11te,i|\/|pol1te,i|\/|p01!te,imp01ite,!mp01!te,1mpolite,i|\/|pol!te,imp0l!te,i|\/|p0lite,impolite,!mpol!te,impol1te,1|\/|p0l1te,1mpol!te,!|\/|p01!te,impo11te,!mpol1te,!|\/|pol1te,!|\/|po11te,1|\/|p0lite,1|\/|p011te,!mpolite,imp0lite,1mp0l!te
insult,i|\|sult,insu1t,i|\|$u1t,!|\|$u1t,1|\|$ult,in$u1t,!|\|$ult,1nsu1t,1|\|su1t,!n$u1t,!n$ult,1|\|$u1t,!|\|su1t,1|\|sult,!nsult,i|\|su1t,i|\|$ult,1n$u1t,1n$ult,insult,!|\|sult,1nsult,!nsu1t,in$ult
jerk,jerk
loser,1oser,1o$er,lo$er,loser,l0ser,10ser,10$er,l0$er
madman,m@|)|\/|an,madm@n,|\/|ad|\/|@n,|\/|a|)man,m@|)|\/|a|\|,ma|)|\/|an,ma|)|\/|@|\|,|\/|ad|\/|a|\|,m@|)|\/|@n,m@d|\/|an,|\/|@|)|\/|an,|\/|@d|\/|an,m@|)m@|\|,|\/|@|)ma|\|,|\/|a|)|\/|@n,|\/|ad|\/|an,madm@|\|,|\/|@|)m@|\|,|\/|@dm@|\|,m@d|\/|@n,|\/|@dm@n,m@dm@|\|,|\/|@|)|\/|a|\|,|\/|@d|\/|@|\|,|\/|a|)|\/|an,ma|)|\/|@n,mad|\/|an,|\/|@d|\/|@n,m@d|\/|a|\|,mad|\/|@|\|,|\/|adm@n,|\/|a|)|\/|@|\|,|\/|a|)ma|\|,m@|)ma|\|,m@|)man,madma|\|,m@dm@n,|\/|a|)m@|\|,|\/|a|)|\/|a|\|,|\/|@dman,|\/|adma|\|,|\/|@d|\/|a|\|,|\/|@|)man,ma|)man,m@|)m@n,ma|)m@|\|,ma|)ma|\|,mad|\/|@n,|\/|@|)m@n,mad|\/|a|\|,ma|)|\/|a|\|,m@|)|\/|@|\|,|\/|a|)m@n,|\/|@|)|\/|@|\|,ma|)m@n,m@dman,|\/|adman,m@dma|\|,|\/|ad|\/|@|\|,|\/|@dma|\|,|\/|@|)|\/|@n,m@d|\/|@|\|,madman,|\/|adm@|\|
maniac,|\/|a|\|i@(,m@n!@(,ma|\|1a(,|\/|a|\|!@c,|\/|@ni@c,|\/|aniac,m@ni@c,ma|\|iac,mania(,|\/|an1a(,m@n!ac,m@n1a(,|\/|a|\|!@(,ma|\|i@(,ma|\|!@(,m@|\|1@c,m@|\|!a(,|\/|@|\|!ac,m@n1@c,|\/|@n1@(,|\/|@ni@(,man!a(,ma|\|ia(,m@|\|!ac,|\/|@|\|!@c,|\/|@n1@c,|\/|@n!ac,|\/|an!@(,ma|\|1ac,m@|\|i@c,ma|\|1@(,|\/|@nia(,|\/|a|\|ia(,|\/|@|\|iac,|\/|a|\|iac,|\/|an!a(,m@n1@(,ma|\|!a(,man1@c,ma|\|!ac,|\/|@n!a(,man!ac,|\/|@|\|!@(,m@n!@c,maniac,m@niac,ma|\|i@c,|\/|an1ac,ma|\|!@c,|\/|@niac,|\/|a|\|1@c,m@n!a(,|\/|a|\|1a(,|\/|@|\|1@(,|\/|@|\|!a(,|\/|@|\|1ac,man1ac,m@nia(,m@n1ac,|\/|an1@c,m@|\|1ac,|\/|a|\|i@c,|\/|@n!@(,|\/|@n1a(,man1@(,m@|\|1@(,|\/|a|\|1@(,|\/|@|\|1@c,m@|\|!@(,|\/|a|\|!a(,|\/|@|\|1a(,|\/|@n!@c,mani@c,|\/|a|\|!ac,ma|\|1@c,man1a(,|\/|ani@(,|\/|ania(,mani@(,m@ni@(,m@|\|1a(,m@|\|ia(,|\/|ani@c,m@|\|iac,m@|\|i@(,|\/|an1@(,|\/|an!ac,|\/|a|\|1ac,|\/|an!@c,|\/|@|\|i@(,man!@(,|\/|@|\|i@c,|\/|@|\|ia(,man!@c,m@|\|!@c,|\/|@n1ac
moron,|\/|0ron,moron,|\/|0ro|\|,|\/|0r0n,|\/|0r0|\|,mor0n,m0ro|\|,m0r0|\|,m0r0n,moro|\|,m0ron,mor0|\|,|\/|oron,|\/|or0n,|\/|or0|\|,|\/|oro|\|
motherfucker,m0t#erfu(ker,motherfucker,m0t#erfucker,|\/|otherfucker,mot#erfucker,|\/|ot#erfucker,|\/|0t#erfu(ker,|\/|ot#erfu(ker,m0therfucker,m0therfu(ker,mot#erfu(ker,|\/|0t#erfucker,motherfu(ker,|\/|otherfu(ker,|\/|0therfu(ker,|\/|0therfucker
nasty,|\|asty,na$ty,|\|@$ty,|\|@sty,n@sty,n@$ty,nasty,|\|a$ty
nigga,nigg@,|\|i9g@,ni99a,ni9ga,n19g@,ni99@,|\|!g9a,n1gga,ni9g@,|\|1g9a,|\|1g9@,n1g9a,|\|19g@,nig9@,|\|ig9@,n!99a,n!9ga,n!99@,nig9a,nigga,n199a,|\|!gg@,|\|199@,|\|!g9@,|\|!9g@,n!9g@,|\|!9ga,n1g9@,|\|1gga,|\|1gg@,|\|19ga,|\|i99a,|\|igga,|\|i99@,n!gg@,n19ga,n!g9a,|\|!99a,|\|!gga,|\|!99@,n199@,|\|ig9a,n!gga,n1gg@,|\|igg@,|\|199a,|\|i9ga,n!g9@
numbnuts,nu|\/|bnuts,|\|umb|\|uts,numb|\|ut$,|\|u|\/|b|\|uts,numbnut$,nu|\/|bnut$,|\|u|\/|bnuts,|\|u|\/|bnut$,|\|u|\/|b|\|ut$,|\|umbnuts,numb|\|uts,|\|umb|\|ut$,numbnuts,nu|\/|b|\|uts,nu|\/|b|\|ut$,|\|umbnut$
offensive,0ffe|\|s!ve,0ffe|\|sive,0ffe|\|$ive,offe|\|$!ve,offe|\|$ive,offe|\|s!ve,offens1ve,0ffen$ive,0ffen$!ve,offe|\|$1ve,0ffensive,offensive,offen$ive,0ffe|\|s1ve,offe|\|s1ve,offen$!ve,0ffe|\|$1ve,0ffens!ve,offens!ve,offe|\|sive,0ffen$1ve,0ffe|\|$!ve,0ffens1ve,offen$1ve
pimp,p1mp,pimp,p!mp,pi|\/|p,p!|\/|p,p1|\/|p
prick,pr!(k,pr!ck,pri(k,pr1(k,prick,pr1ck
psycho,psy(#o,p$yc#0,psych0,psyc#0,psyc#o,psy(#0,p$y(ho,p$ych0,p$y(#0,p$ycho,p$y(h0,psy(ho,psycho,psy(h0,p$y(#o,p$yc#o
racist,r@(!$t,r@(1st,r@c!st,ra(1st,rac!$t,r@(!st,r@c1st,raci$t,r@c!$t,r@cist,ra(1$t,rac1$t,r@(ist,ra(ist,racist,r@(1$t,rac!st,r@(i$t,r@c1$t,ra(!$t,ra(i$t,r@ci$t,rac1st,ra(!st
retard,retard,ret@r|),ret@rd,retar|)
scumbag,scumb@9,s(umb@g,s(umb@9,$(u|\/|b@g,$cumbag,$(umba9,$cumba9,$(umbag,s(u|\/|b@g,$(u|\/|bag,$cu|\/|b@g,s(u|\/|ba9,$(umb@9,scu|\/|bag,$cu|\/|bag,$cumb@g,$(u|\/|ba9,s(umba9,scumb@g,scu|\/|b@g,$cumb@9,$(u|\/|b@9,s(u|\/|b@9,scumba9,s(u|\/|bag,scu|\/|b@9,scu|\/|ba9,$cu|\/|ba9,scumbag,$cu|\/|b@9,s(umbag,$(umb@g
shame,s#a|\/|e,$#a|\/|e,$ha|\/|e,s#@me,$h@me,$hame,$#@me,sh@|\/|e,shame,s#@|\/|e,$#@|\/|e,$h@|\/|e,$#ame,s#ame,sha|\/|e,sh@me
shit,$#it,$h1t,shit,s#it,$#!t,$h!t,sh!t,$#1t,sh1t,s#!t,s#1t,$hit
shithead,$#1t#ea|),s#!the@d,sh1thead,$hit#ea|),sh1the@d,s#it#e@|),sh1thea|),s#!t#e@|),sh!thead,$hithe@|),$h!the@|),s#it#ea|),$h1t#e@|),$#!the@d,$#!t#e@|),s#ithea|),shithead,sh!t#e@|),s#!t#e@d,$#ithea|),s#1t#ead,sh1t#ead,sh!t#ead,$h1thea|),$#1t#ead,$h1t#ea|),$#!thea|),$h1t#ead,$h1the@d,$#it#e@d,$h!t#e@d,$#1the@d,shit#e@d,$#!the@|),$h1t#e@d,sh1t#e@|),s#1the@|),sh!thea|),shithea|),shithe@|),s#it#ead,$#!thead,$#1t#e@d,$hit#e@d,sh!t#ea|),$hithea|),shithe@d,s#ithe@|),s#!t#ead,$#it#e@|),s#ithe@d,$#it#ea|),$hithead,s#ithead,$h1thead,$#1t#e@|),shit#ea|),shit#ead,s#it#e@d,$#ithead,$h!thead,sh!t#e@d,s#!thead,$#1thea|),$hit#ead,s#1t#e@d,$#!t#ea|),s#!thea|),sh!the@d,$#1thead,s#1the@d,$h1the@|),s#1thead,$h!t#ead,$hit#e@|),s#1t#e@|),sh1t#e@d,sh1t#ea|),$#ithe@d,$#1the@|),$#!t#ead,shit#e@|),$#ithe@|),$h!t#e@|),s#!t#ea|),$#it#ead,$h!thea|),$h!t#ea|),$hithe@d,s#!the@|),sh1the@|),s#1t#ea|),sh!the@|),$h!the@d,$#!t#e@d,s#1thea|)
slut,slut,$lut,$1ut,s1ut
stupid,stupid,$tup1d,stupi|),stup1d,$tupid,stup!d,stup!|),$tup!d,$tupi|),$tup1|),$tup!|),stup1|)
tard,t@rd,t@r|),tard,tar|)
terrorist,terr0r1st,terror1st,terror1$t,terr0r1$t,terr0ri$t,terrorist,terr0rist,terror!st,terrori$t,terror!$t,terr0r!st,terr0r!$t
thief,t#1ef,t#!ef,thief,th!ef,th1ef,t#ief
trash,trash,tr@sh,tra$h,tr@$#,tra$#,tr@s#,tr@$h,tras#
ugly,u9ly,ug1y,u91y,ugly
vile,v!le,vi1e,v!1e,v1le,v11e,vile
wanker,w@nker,wanker,w@|\|ker,wa|\|ker
whore,w#ore,whore,wh0re,w#0re
wimp,w1mp,w!|\/|p,wi|\/|p,wimp,w!mp,w1|\/|p
wuss,wu$s,wuss,wus$,wu$$
asshole,as$ho1e,a$s#ole,@$s#o1e,as$#01e,a$$hole,a$$#01e,@s$h01e,@ss#ole,@$s#0le,@$s#01e,assh0le,ass#0le,a$$ho1e,@$s#ole,a$$h0le,@ss#01e,@s$h0le,@s$#o1e,@$$h01e,@s$#01e,a$sho1e,@$$ho1e,@s$ho1e,a$$#0le,assho1e,assh01e,a$$h01e,as$#o1e,@s$#ole,@s$#0le,@ssh0le,@ss#o1e,@$sh0le,@$$#0le,@$$#o1e,as$h0le,@ss#0le,ass#o1e,a$sh0le,@ssho1e,@$$#ole,as$h01e,as$#ole,as$hole,a$shole,a$$#o1e,ass#ole,@$sho1e,@$sh01e,@$$hole,ass#01e,a$$#ole,as$#0le,a$sh01e,@$shole,a$s#01e,@ssh01e,@s$hole,@$$h0le,a$s#0le,@$$#01e,a$s#o1e,@sshole,asshole
dick,d!ck,d1(k,di(k,|)ick,|)!ck,|)1(k,|)i(k,|)!(k,d1ck,|)1ck,d!(k,dick
douche,|)0uc#e,|)0u(he,|)0u(#e,dou(#e,d0uc#e,|)ou(#e,douc#e,|)0uche,douche,d0u(#e,|)ouc#e,|)ouche,d0uche,dou(he,d0u(he,|)ou(he
fucker,fu(ker,fucker
gimp,9imp,91|\/|p,9!mp,g1|\/|p,g!mp,g!|\/|p,g1mp,9i|\/|p,gimp,9!|\/|p,91mp,gi|\/|p
hater,#ater,h@ter,hater,#@ter
knobhead,knobhe@|),kn0b#ea|),k|\|ob#e@|),knobhe@d,k|\|0b#ead,k|\|0bhe@d,k|\|obhea|),kn0b#e@d,kn0bhe@|),k|\|0b#e@d,k|\|0bhe@|),kn0bhe@d,k|\|0b#e@|),kn0bhead,knob#ead,k|\|obhe@|),k|\|0bhead,k|\|obhe@d,k|\|ob#ead,kn0bhea|),k|\|0b#ea|),knob#ea|),kn0b#e@|),knob#e@d,knobhead,k|\|ob#e@d,knob#e@|),knobhea|),k|\|0bhea|),k|\|ob#ea|),kn0b#ead,k|\|obhead
mofo,|\/|0fo,mof0,|\/|of0,|\/|ofo,m0f0,mofo,|\/|0f0,m0fo
numpty,|\|u|\/|pty,nu|\/|pty,numpty,|\|umpty
pussy,pussy,pus$y,pu$sy,pu$$y
shitbag,$h!tbag,s#!tb@g,$#1tba9,s#1tb@9,sh!tb@9,shitb@9,$hitb@9,s#!tba9,shitb@g,$#itb@9,$#itbag,sh1tb@g,$h1tbag,$#!tbag,$#1tb@9,sh1tbag,s#1tbag,sh1tb@9,$hitbag,s#1tba9,$h1tb@9,s#itbag,$#!tb@9,$hitba9,shitbag,s#1tb@g,sh!tb@g,sh1tba9,$h1tb@g,$hitb@g,$#!tb@g,$h1tba9,$#1tbag,$h!tba9,$#itba9,s#!tbag,$#!tba9,shitba9,$#1tb@g,sh!tbag,s#itb@9,$h!tb@9,s#itb@g,$h!tb@g,s#itba9,$#itb@g,s#!tb@9,sh!tba9
twat,tw@t,twat
arsehole,ar$e#o1e,arse#0le,@rse#01e,ar$e#ole,arse#o1e,@r$ehole,ar$eh01e,@rsehole,@rseho1e,arseho1e,ar$ehole,@r$eho1e,ar$e#01e,@rseh0le,arse#01e,@r$e#0le,@rse#ole,ar$e#0le,arseh01e,arse#ole,@r$e#01e,@rse#0le,arseh0le,@rseh01e,@r$e#o1e,@r$e#ole,arsehole,ar$eh0le,@r$eh01e,ar$eho1e,@rse#o1e,@r$eh0le
bollocks,b0llock$,b0l1ocks,b011ock$,bollo(k$,b0l1o(k$,b01lo(ks,b0l10ck$,b011o(k$,b0110(ks,b01lo(k$,b01l0(ks,bo1lock$,bo11ock$,b011o(ks,bol10cks,b0l1o(ks,b01l0cks,bo11o(ks,b0ll0cks,bollock$,bol1ocks,b0110(k$,b0l10cks,bo110ck$,bo1lo(k$,b0110cks,b0llocks,bol10(ks,bo1lo(ks,boll0(k$,b0l1ock$,boll0ck$,b0l10(ks,b01locks,b011ocks,b0ll0ck$,b0ll0(k$,b01lock$,bo110cks,bol10ck$,bol1o(ks,b01l0(k$,b0llo(k$,b0llo(ks,b0l10(k$,bo110(k$,bo1l0ck$,bollo(ks,bo110(ks,bo1l0(k$,b0110ck$,bo1l0(ks,b0ll0(ks,bol1o(k$,b01l0ck$,bo11o(k$,bo1locks,boll0(ks,bol10(k$,bo11ocks,bollocks,boll0cks,bo1l0cks,bol1ock$
bugger,bugger,bu99er,bug9er,bu9ger
cocksucker,co(ksu(ker,c0ck$u(ker,(0cksucker,(0ck$u(ker,(o(k$u(ker,cocksucker,(o(ksucker,(o(k$ucker,cock$u(ker,(o(ksu(ker,(0ck$ucker,c0(k$u(ker,co(k$u(ker,c0(ksucker,c0(k$ucker,cock$ucker,(0(k$u(ker,(ock$u(ker,(ock$ucker,c0ck$ucker,(0(k$ucker,(0cksu(ker,co(ksucker,co(k$ucker,(0(ksucker,c0cksucker,c0cksu(ker,(ocksu(ker,(0(ksu(ker,cocksu(ker,(ocksucker,c0(ksu(ker
dickhead,|)1ckhe@|),|)ickhea|),|)!ckhe@d,di(khe@d,|)i(k#e@d,|)1(k#e@|),d!(khe@|),di(khead,|)i(k#ea|),d!(khe@d,|)1(k#ea|),|)ick#e@d,d1ckhe@d,di(k#ea|),|)!ck#e@d,d1ckhea|),d!ck#e@|),|)1(khead,d!(k#e@d,|)ick#ead,|)!ck#ea|),d1ck#e@d,|)!ck#ead,|)1ck#ea|),d1ck#e@|),d!ckhead,|)ick#ea|),|)ick#e@|),|)i(k#ead,d!ck#e@d,|)1ck#e@d,dickhead,di(k#e@d,|)1(khea|),|)1(k#e@d,di(k#ead,d1(k#e@|),d!(k#e@|),dickhea|),|)!(k#e@|),d1ckhe@|),dick#e@d,di(khe@|),d!(khead,d!ckhe@|),d!ck#ea|),d!(k#ead,di(k#e@|),d1(khead,d1(k#e@d,|)ickhe@|),|)!ck#e@|),|)1(khe@d,dickhe@|),d1ck#ead,d1(k#ea|),|)!ckhea|),|)i(khe@d,dickhe@d,|)1ck#e@|),|)i(khea|),d!(khea|),di(khea|),|)ickhead,dick#e@|),|)!(k#e@d,|)1(khe@|),|)i(khead,|)1ck#ead,|)!(k#ead,|)!ckhe@|),|)1(k#ead,|)ickhe@d,d1ck#ea|),|)1ckhea|),dick#ea|),|)i(k#e@|),|)!ckhead,|)!(khead,|)!(khe@|),|)1ckhe@d,|)!(k#ea|),d1ckhead,d1(khe@d,|)!(khea|),|)1ckhead,|)!(khe@d,d!(k#ea|),d!ckhe@d,d!ck#ead,d1(khea|),|)i(khe@|),d1(khe@|),d1(k#ead,dick#ead,d!ckhea|)
fuckface,fu(kfa(e,fuckfa(e,fuckf@(e,fu(kf@(e,fuckface,fuckf@ce,fu(kf@ce,fu(kface
fuckwit,fu(kw1t,fuckw!t,fu(kw!t,fu(kwit,fuckwit,fuckw1t
fucky,fu(ky,fucky
knob,kn0b,knob,k|\|0b,k|\|ob
pisshead,pi$she@|),p!$$hea|),pisshe@d,p!sshe@d,p1$shead,p!ss#ea|),pis$#ea|),p1$$#e@d,p1s$head,p1sshead,pi$s#ea|),p1s$#e@|),p1s$#e@d,p1$s#e@d,p1ss#ead,p1ss#e@d,p1$$head,pis$hea|),p1$s#ea|),p1s$he@d,p!$shea|),piss#e@|),pis$#e@d,p!s$#ead,piss#ea|),p1$$#e@|),p!s$#e@d,pis$he@|),p!s$he@d,p1sshea|),p1sshe@d,piss#e@d,p!$$he@d,p1$$he@d,p!$she@d,pis$#ead,p!$$#e@d,p1s$hea|),pis$he@d,p!sshead,p1$she@d,p!$she@|),p!sshea|),p!ss#e@d,pisshead,pis$head,pi$$#e@d,p!$s#e@d,pi$she@d,p1ss#ea|),pi$$he@|),pisshe@|),p1$she@|),p1$s#e@|),p!sshe@|),p1$$he@|),p!$$#ea|),p1s$he@|),pi$shead,p!ss#ead,p1s$#ea|),p1ss#e@|),pi$$#ead,p1$$#ead,p!$s#e@|),p!s$#e@|),p!s$he@|),p1$$#ea|),p1s$#ead,pi$s#e@|),p!s$#ea|),pi$$#e@|),p!$$#ead,p!$s#ea|),p!s$hea|),pi$$he@d,p!$shead,pis$#e@|),pi$$head,p!s$head,pi$s#ead,p!$$head,p!$$he@|),p1$$hea|),p1$s#ead,piss#ead,p!$$#e@|),p!$s#ead,p!ss#e@|),pi$$hea|),p1$shea|),pi$shea|),p1sshe@|),pi$s#e@d,pi$$#ea|),pisshea|)
plonker,plo|\|ker,p1o|\|ker,p10|\|ker,p10nker,pl0|\|ker,p1onker,pl0nker,plonker
puddle,pudd1e,puddle,pud|)le,pu|)|)le,pud|)1e,pu|)d1e,pu|)|)1e,pu|)dle
rude,ru|)e,rude
scoundrel,sc0u|\|dre1,$c0u|\|drel,scou|\|dre1,sc0u|\||)rel,$(0u|\|dre1,$(ou|\|dre1,$(0undrel,$cou|\||)rel,sc0undrel,$coun|)re1,$(0u|\|drel,$(ou|\||)rel,scoun|)rel,scou|\||)rel,$c0u|\||)re1,$(oun|)rel,$coundre1,$c0undre1,s(ou|\|dre1,s(oun|)re1,s(0un|)re1,s(0u|\|drel,$c0u|\|dre1,s(ou|\|drel,s(0u|\|dre1,$cou|\|dre1,s(ou|\||)re1,s(oun|)rel,s(ou|\||)rel,$c0undrel,$(oun|)re1,$(ou|\||)re1,$coundrel,s(0u|\||)rel,$c0un|)rel,$c0u|\||)rel,sc0un|)rel,$coun|)rel,$cou|\||)re1,$(oundre1,sc0undre1,$cou|\|drel,sc0u|\|drel,$(0undre1,$(0u|\||)re1,$(ou|\|drel,s(oundre1,scou|\||)re1,scou|\|drel,scoundrel,s(0undrel,scoun|)re1,$(0un|)rel,$(0un|)re1,sc0u|\||)re1,$(oundrel,sc0un|)re1,s(0u|\||)re1,s(0undre1,$c0un|)re1,$(0u|\||)rel,s(0un|)rel,s(oundrel,scoundre1
smeghead,s|\/|e9#e@d,$|\/|eghe@d,s|\/|e9he@|),$|\/|eghea|),$|\/|eg#ead,$|\/|e9#e@|),sme9#ead,$meghe@|),$|\/|eghead,s|\/|eghea|),sme9head,sme9he@|),sme9#e@d,$meg#e@|),$me9hea|),s|\/|eg#e@|),smeghea|),$|\/|e9hea|),$me9#e@d,$me9head,s|\/|eghe@d,smeg#ead,$meg#ead,$me9he@|),$me9#ead,sme9#e@|),s|\/|eghe@|),$meghe@d,smeg#e@|),s|\/|e9head,sme9#ea|),s|\/|e9he@d,$|\/|eg#ea|),smeg#e@d,s|\/|eg#ea|),$|\/|eg#e@d,$|\/|e9he@d,$meg#ea|),$|\/|e9he@|),smeg#ea|),$|\/|e9#ea|),smeghead,$me9#e@|),$meghead,$me9#ea|),s|\/|e9#ead,s|\/|eg#e@d,sme9hea|),s|\/|e9hea|),s|\/|e9#ea|),smeghe@|),$|\/|e9#e@d,$me9he@d,s|\/|e9#e@|),smeghe@d,$meghea|),$meg#e@d,$|\/|eghe@|),$|\/|eg#e@|),s|\/|eg#ead,sme9he@d,$|\/|e9#ead,$|\/|e9head,s|\/|eghead
sucker,$ucker,su(ker,$u(ker,sucker
tosser,tos$er,tosser,t0s$er,t0sser,to$ser,t0$ser,t0$$er,to$$er
wazzock,wazzo(k,w@zzock,w@zzo(k,w@zz0(k,wazzock,wazz0(k,wazz0ck,w@zz0ck
yobbo,yobbo,yobb0,y0bbo,y0bb0
chav,(hav,c#@v,chav,(#@v,(#av,(h@v,ch@v,c#av
cretin,cret!n,(ret!n,cret1|\|,(ret!|\|,creti|\|,(ret1|\|,cretin,cret!|\|,(reti|\|,(ret1n,(retin,cret1n
dickwad,|)ickwa|),dickw@|),di(kw@d,|)i(kwad,|)1(kwad,|)1(kwa|),di(kwa|),|)!(kw@d,d!(kwad,|)1ckwa|),|)1(kw@d,|)ickw@d,d1(kwa|),|)i(kw@d,|)i(kw@|),|)1ckw@d,d1(kw@d,dickw@d,d!ckw@d,|)!(kwad,d1(kw@|),|)!(kwa|),|)!ckwad,d!ckwa|),d1ckw@|),|)ickwad,|)1ckw@|),di(kw@|),dickwa|),d!(kw@d,|)!(kw@|),d1ckwa|),|)!ckw@|),d1ckw@d,d1ckwad,|)i(kwa|),d!(kw@|),|)ickw@|),|)!ckwa|),d1(kwad,|)1ckwad,|)1(kw@|),d!(kwa|),d!ckwad,|)!ckw@d,dickwad,d!ckw@|),di(kwad
douchecanoe,dou(#ecanoe,d0u(#ec@|\|oe,|)0uc#ec@noe,|)0u(#ecan0e,|)ouche(a|\|oe,|)ou(#e(@noe,douc#e(a|\|oe,|)ou(he(@n0e,d0uc#ec@noe,|)ou(#e(an0e,douche(anoe,|)0ucheca|\|oe,|)0uchec@noe,doucheca|\|0e,d0uc#e(a|\|oe,douchec@|\|0e,dou(#e(a|\|0e,d0u(#e(an0e,d0uc#ec@|\|0e,dou(hec@|\|0e,|)ouche(anoe,|)ou(he(@|\|oe,douche(@|\|oe,d0u(#ec@n0e,|)ouc#ec@n0e,|)0uc#ecanoe,|)0uche(@|\|0e,d0u(hec@n0e,d0uc#eca|\|0e,douc#ecan0e,douche(a|\|0e,d0uchec@n0e,douc#e(@|\|oe,d0ucheca|\|0e,d0uc#ec@n0e,d0u(he(a|\|oe,douchecanoe,d0uche(@n0e,|)ouc#eca|\|oe,|)0uc#eca|\|oe,|)0u(he(@|\|0e,|)ouc#ecan0e,|)ouc#ec@noe,douchec@n0e,d0uchec@|\|oe,d0uchecan0e,d0uc#ecanoe,|)0uc#e(a|\|oe,|)0u(he(an0e,d0u(#e(@noe,|)0u(#e(a|\|0e,d0uc#e(a|\|0e,|)ou(#e(anoe,|)ou(#e(@|\|0e,|)0uche(an0e,dou(#e(@n0e,dou(#ec@|\|oe,d0uc#e(an0e,d0u(hecan0e,d0u(hec@noe,d0u(he(an0e,|)ou(heca|\|oe,|)0uc#ecan0e,|)0uc#e(anoe,|)0u(hec@noe,|)0u(#ec@|\|0e,|)ou(hecanoe,d0uche(@|\|0e,dou(hec@n0e,douc#ecanoe,dou(#e(@|\|0e,|)ou(hec@|\|0e,dou(#ec@|\|0e,|)ou(hec@|\|oe,|)0u(#e(an0e,d0u(#ecanoe,d0u(#eca|\|0e,|)0uche(@n0e,douc#eca|\|oe,d0u(hec@|\|0e,|)ou(#ecan0e,|)ouc#e(@|\|oe,|)ou(he(@noe,|)0u(#e(@|\|oe,douc#e(a|\|0e,|)0u(#e(a|\|oe,|)0u(#e(@|\|0e,|)ouc#ec@|\|oe,douche(@n0e,|)0u(he(@|\|oe,d0u(#e(@|\|0e,douc#e(an0e,dou(#e(@noe,|)0uchecanoe,d0uche(@|\|oe,|)0u(he(a|\|0e,d0u(heca|\|0e,|)ouche(@|\|0e,dou(he(a|\|oe,dou(#eca|\|0e,|)0uchec@n0e,|)oucheca|\|0e,|)0u(heca|\|oe,d0u(hecanoe,d0uche(anoe,douchec@|\|oe,dou(hecanoe,|)0uche(a|\|oe,|)0uc#ec@|\|oe,dou(he(@|\|0e,dou(heca|\|oe,|)0uc#e(@n0e,d0uc#e(@|\|oe,d0uc#ec@|\|oe,|)oucheca|\|oe,|)ou(#ec@noe,|)0u(hec@|\|0e,douc#e(@noe,dou(he(an0e,dou(#ecan0e,|)ou(#ec@|\|0e,|)0u(#ec@noe,|)0u(#e(@n0e,d0u(#e(a|\|0e,dou(#ec@n0e,|)ou(#e(a|\|oe,|)ou(#e(@|\|oe,|)0u(#ec@|\|oe,|)0uche(a|\|0e,|)ou(he(@|\|0e,|)ouc#e(anoe,|)ouc#e(@noe,|)0ucheca|\|0e,|)ouchec@|\|oe,d0uc#e(@n0e,douc#e(@|\|0e,d0u(hec@|\|oe,|)ou(#eca|\|oe,d0ucheca|\|oe,|)ou(#e(a|\|0e,douchecan0e,doucheca|\|oe,d0u(he(anoe,d0u(he(@n0e,dou(he(@noe,|)ouc#e(an0e,d0uc#ecan0e,dou(#e(an0e,douche(@noe,douchec@noe,|)ouc#e(@|\|0e,dou(#e(a|\|oe,|)0u(hecanoe,|)ou(#ecanoe,|)0u(hec@|\|oe,|)ouchecanoe,|)0uc#eca|\|0e,d0uc#e(anoe,|)ouche(@noe,dou(hecan0e,|)0uchecan0e,|)0u(he(@noe,d0uchecanoe,|)0u(he(anoe,|)0u(#ecanoe,|)0u(#e(@noe,|)ouc#e(a|\|oe,douc#eca|\|0e,dou(#e(@|\|oe,|)0uchec@|\|0e,|)ou(#eca|\|0e,d0uc#eca|\|oe,|)0uche(anoe,|)0uc#e(@|\|0e,|)ou(heca|\|0e,d0u(#ec@noe,|)0u(heca|\|0e,d0u(#e(@|\|oe,|)ouche(@n0e,dou(he(anoe,|)0uc#e(@noe,|)0u(#e(anoe,|)0uchec@|\|oe,douc#ec@|\|0e,|)0uche(@|\|oe,|)0u(he(@n0e,|)ou(he(a|\|0e,douc#e(@n0e,|)ouchec@|\|0e,d0uche(an0e,dou(#eca|\|oe,|)0u(#eca|\|oe,|)ou(he(a|\|oe,douc#ec@|\|oe,|)0u(hec@n0e,|)ouc#e(a|\|0e,|)ou(he(an0e,d0u(#ec@|\|0e,|)ouche(a|\|0e,|)ou(he(anoe,|)ou(#ec@|\|oe,|)0uc#ec@n0e,dou(he(@n0e,d0uc#e(@|\|0e,|)0uc#e(a|\|0e,|)0u(#eca|\|0e,|)ouc#ec@|\|0e,d0u(he(@noe,d0u(#eca|\|oe,|)ou(hecan0e,|)0uc#e(an0e,d0u(he(a|\|0e,|)0uc#e(@|\|oe,d0u(heca|\|oe,d0u(#ecan0e,d0u(he(@|\|0e,douc#ec@noe,|)ou(#ec@n0e,douche(@|\|0e,|)ouchec@n0e,dou(#e(anoe,|)ouche(@|\|oe,|)ou(hec@n0e,|)0uc#ec@|\|0e,|)0u(he(a|\|oe,d0uche(a|\|oe,d0uc#e(@noe,d0uche(@noe,d0u(#e(anoe,d0u(#e(a|\|oe,douche(an0e,douche(a|\|oe,|)ou(#e(@n0e,|)ouchecan0e,d0uchec@noe,d0u(#e(@n0e,dou(hec@|\|oe,douc#e(anoe,|)ouc#eca|\|0e,dou(he(a|\|0e,|)ou(hec@noe,d0uche(a|\|0e,|)ouc#e(@n0e,dou(he(@|\|oe,|)0u(hecan0e,dou(heca|\|0e,|)ouc#ecanoe,d0uchec@|\|0e,|)0u(#ec@n0e,dou(hec@noe,|)ouchec@noe,|)0uche(@noe,|)ouche(an0e,dou(#ec@noe,d0u(he(@|\|oe,douc#ec@n0e
douchewaffle,|)ouc#ewaffle,|)ou(hew@ffle,d0u(hew@ff1e,dou(hew@ffle,|)ou(#ewaff1e,douchew@ff1e,d0u(#ew@ffle,douc#ewaffle,|)ouchew@ffle,|)ou(#ew@ffle,douchewaffle,|)0uchew@ff1e,d0uc#ewaffle,|)0uc#ewaffle,dou(hew@ff1e,d0uc#ew@ffle,|)ouc#ew@ff1e,|)ou(hew@ff1e,|)ouc#ew@ffle,d0uc#ew@ff1e,|)ouchew@ff1e,|)ou(#ew@ff1e,d0u(hewaffle,|)0uc#ew@ffle,d0u(#ewaffle,d0uchew@ffle,|)0uc#ew@ff1e,|)0u(hew@ffle,douc#ew@ffle,dou(hewaffle,dou(#ewaff1e,|)ouchewaff1e,|)ou(#ewaffle,d0uchew@ff1e,|)0u(#ew@ff1e,d0u(#ew@ff1e,|)0uchew@ffle,douc#ew@ff1e,|)0uc#ewaff1e,|)0uchewaffle,|)ou(hewaffle,|)0u(hew@ff1e,douc#ewaff1e,douchewaff1e,d0u(#ewaff1e,dou(#ew@ffle,|)0u(#ewaffle,dou(#ew@ff1e,|)ouchewaffle,|)ouc#ewaff1e,|)0u(hewaffle,|)0u(hewaff1e,d0uchewaff1e,|)0u(#ewaff1e,dou(hewaff1e,d0u(hew@ffle,|)ou(hewaff1e,|)0uchewaff1e,dou(#ewaffle,|)0u(#ew@ffle,douchew@ffle,d0uc#ewaff1e,d0uchewaffle,d0u(hewaff1e
fistfuck,fi$tfuck,f!$tfuck,f1$tfuck,f1$tfu(k,f1stfu(k,fistfuck,f!stfuck,f!stfu(k,fi$tfu(k,fistfu(k,f!$tfu(k,f1stfuck
fucknugget,fuck|\|ugget,fu(knu99et,fucknugget,fu(knug9et,fu(knu9get,fucknug9et,fu(k|\|u99et,fu(k|\|ug9et,fuck|\|u99et,fu(k|\|ugget,fucknu9get,fu(k|\|u9get,fucknu99et,fuck|\|ug9et,fu(knugget,fuck|\|u9get
fucktard,fucktard,fu(kt@rd,fu(ktar|),fuckt@rd,fuckt@r|),fu(kt@r|),fu(ktard,fucktar|)
hooligan,#0o1!9@|\|,hool1g@n,#o01!gan,#oo119@n,#o0lig@|\|,h0o1!9a|\|,#o011gan,ho0li9@|\|,hool1ga|\|,#00l!g@n,h001!gan,h001!ga|\|,h0ol1gan,#oo1!9an,hoo1!9@|\|,#001i9a|\|,hool!g@|\|,h001!g@n,#ool19@|\|,h001i9a|\|,h0o1!9an,#oo11gan,#oo1i9a|\|,hoo1!g@|\|,#001iga|\|,h00l!9an,ho0l!gan,hool!9a|\|,ho0l19a|\|,hoo1!9an,#oo11g@|\|,h0ol19@n,h0011g@n,h0o1!9@|\|,hooli9an,h0o1ig@|\|,#o0l19an,h0olig@|\|,h00l1ga|\|,ho01iga|\|,hoo1i9@n,h00lig@n,#o01i9@|\|,hoo1!g@n,#ooli9@|\|,#0ol!9@|\|,hool19a|\|,hool!9@|\|,#0ol19@|\|,h001ig@n,#oo1ig@n,#0ol1g@|\|,#oo11g@n,ho01!gan,h0011gan,#oo1!ga|\|,hoo119an,h00l19@n,h00l1gan,#oo119a|\|,#ool!9an,#o0119an,#00l1ga|\|,hoo1!gan,h0o1i9an,h00ligan,hoo11gan,#o0li9an,#0o1!ga|\|,#00119a|\|,#0o11g@n,#0oli9@n,hool1gan,#001igan,h0ol1g@|\|,#0o1!g@|\|,#o01!9a|\|,h0011ga|\|,#o01!ga|\|,h0ol!9@|\|,h0o1!ga|\|,h001!9an,#ool!9@n,#0ol1gan,ho01i9a|\|,#00li9@|\|,h0o1!gan,h00l19an,h0ol1ga|\|,ho0lig@n,#00l1g@|\|,#0oli9@|\|,h0oliga|\|,#001!g@|\|,hool19an,#00119an,#0o1iga|\|,#00119@n,h00l1g@n,#00ligan,#oo1i9@|\|,#0o1i9@n,h00l!g@|\|,#001ig@n,#001!9an,hool19@n,ho0119@|\|,#o0l1g@n,h0o1i9@n,#0011g@|\|,#0o119a|\|,hool!9an,#00li9@n,#00l19@|\|,h0ol!g@|\|,ho0l19@|\|,#00l1gan,h0ol!9a|\|,#o01!g@n,#o01iga|\|,#00li9a|\|,hooli9@|\|,hool!ga|\|,hoo1!9@n,#ool19@n,h0ol19@|\|,h0ol!9@n,#00l19@n,#ool1gan,ho0li9an,#o0l!9@n,ho01!ga|\|,#0oligan,#ooli9an,#0ol!g@|\|,#o01!g@|\|,#0ol19@n,#o0l!g@|\|,ho01igan,ho0l!ga|\|,ho0l!9an,h00li9@|\|,h001!9@n,h0o11ga|\|,#0ol!9an,#o0l!g@n,#0ol!g@n,ho0l!9@|\|,#oo1!g@n,#0ol!ga|\|,#o01!9@|\|,#00lig@|\|,#o011ga|\|,h001!g@|\|,#oolig@|\|,#0olig@|\|,ho01!9an,h00l19a|\|,h0oligan,#001ig@|\|,hoo119@n,#00li9an,#o0liga|\|,ho01!9@n,#oo119@|\|,hooli9a|\|,h001igan,hool!g@n,#o011g@n,h00l!g@n,h00l!9@n,ho0l1ga|\|,#001i9@n,h0o1ig@n,#0oliga|\|,ho01!g@n,#o0ligan,h0o11g@|\|,h00119@n,#00l!9@|\|,hoo119@|\|,ho0l19an,#0ol!9a|\|,#o0lig@n,#ool!9@|\|,#0o1i9an,#0o1i9a|\|,#oo1!gan,#0o11ga|\|,#00l!gan,#o011g@|\|,#0o119@|\|,ho011g@n,#o01ig@n,h00li9an,hoo1!9a|\|,ho01i9@n,ho0l!9@n,#0o1!9an,hool!gan,h00l!gan,#00l!9an,h0o1!g@|\|,hool!9@n,#o01!9@n,#o0l!9a|\|,ho0119an,#0o1i9@|\|,h0o1!9@n,ho01!g@|\|,ho0119a|\|,#0o1!g@n,hoo1ig@|\|,#001!9@n,#00l1g@n,#0011g@n,h0oli9@|\|,ho01i9an,h00l19@|\|,h00119an,hool19@|\|,hoo1i9a|\|,#oo1i9@n,#0o119@n,#00l!ga|\|,ho0l1g@|\|,#0o1igan,h0o119@n,hoo1i9@|\|,#oo1!9@n,h0ol!gan,h0ol19an,#00l19a|\|,#o0l!ga|\|,#00l!g@|\|,hoo11g@n,ho01ig@|\|,#oolig@n,hoo11ga|\|,#oo1!g@|\|,h0o1i9a|\|,ho0ligan,#0o1ig@n,hoo1!ga|\|,h00li9a|\|,#ool19an,h0o1!g@n,#oo1!9@|\|,#0o1ig@|\|,h00l!ga|\|,#o0li9@|\|,h0o11gan,hoolig@n,#o0l1g@|\|,#0ol19a|\|,#0ol!gan,hoo1i9an,hoo11g@|\|,#oo11ga|\|,h001iga|\|,h001i9@n,h00l1g@|\|,hoolig@|\|,#oo1!9a|\|,#001i9@|\|,#o0119@|\|,h001!9a|\|,hoo1igan,ho01ig@n,#001!gan,#o0119a|\|,#o0l19a|\|,h0oli9a|\|,#oo1ig@|\|,h0ol!ga|\|,#0o119an,ho0lig@|\|,#ool!9a|\|,#ool!g@n,h001i9an,#ool!g@|\|,#00l!9@n,ho0l!9a|\|,h0o1i9@|\|,h00l!9@|\|,#00l!9a|\|,ho01!9@|\|,hooli9@n,#0o1!9a|\|,#0ol1g@n,h00liga|\|,#oo1igan,h0011g@|\|,h0o1igan,#o0l19@n,h0olig@n,#ool!ga|\|,#0o11g@|\|,h0ol!g@n,ho0l1gan,h0o119a|\|,hooliga|\|,h0ol1g@n,#0oli9an,#0ol1ga|\|,h0oli9an,h00l!9a|\|,ho011g@|\|,ho0liga|\|,#o0l19@|\|,#0o1!gan,hoo1ig@n,h00li9@n,#ool19a|\|,h00119@|\|,#ool!gan,#0oli9a|\|,ho0l!g@|\|,#ooliga|\|,#00119@|\|,h001i9@|\|,ho01i9@|\|,#0o1!9@n,#0o11gan,#o01i9a|\|,h001!9@|\|,#oo1i9an,#o0119@n,#o0l!9@|\|,#o01i9@n,#00lig@n,#o0li9@n,ho0l19@n,h0ol19a|\|,hooligan,ho0l!g@n,h0oli9@n,#001i9an,#00l19an,ho01!9a|\|,ho0li9a|\|,#o01igan,#0ol19an,#00liga|\|,hool1g@|\|,h0o11g@n,hoo1iga|\|,#0011gan,#ool1ga|\|,#o01!9an,#001!ga|\|,#ool1g@|\|,#o01ig@|\|,#001!9@|\|,ho011ga|\|,#o0l1ga|\|,#0011ga|\|,#o0l!9an,#ooli9@n,h0o1iga|\|,#001!9a|\|,h0o119an,ho0li9@n,#o01i9an,#ool1g@n,#001!g@n,ho0119@n,h001ig@|\|,h0ol!9an,#o0l!gan,ho011gan,h00lig@|\|,h0o119@|\|,#0ol!9@n,#0olig@n,ho0l1g@n,h00119a|\|,#o0l1gan,#oo1iga|\|,#o0li9a|\|,hoo119a|\|,#oo119an,#ooli9a|\|,#ooligan
mug,|\/|u9,mu9,|\/|ug,mug
piss,p!s$,p1$$,pi$$,piss,p1ss,pi$s,p!ss,p!$s,p1$s,pis$,p!$$,p1s$
shag,s#@g,$ha9,sh@g,$h@9,sh@9,$#@9,sha9,$#@g,$#ag,$#a9,$h@g,s#ag,$hag,s#@9,s#a9,shag
slapper,sl@pper,$l@pper,$1@pper,slapper,s1@pper,$lapper,s1apper,$1apper
spazz,$p@zz,$pazz,sp@zz,spazz
spaz,$paz,sp@z,spaz,$p@z
tossbag,t0s$ba9,to$$ba9,tossba9,t0ssbag,tossb@g,tos$ba9,t0$sb@g,t0$$b@g,to$sb@9,to$sbag,t0$sb@9,t0$$ba9,tos$b@g,tos$b@9,to$$b@9,t0s$bag,t0$sbag,to$$bag,tossb@9,to$$b@g,t0ssb@g,t0$$b@9,t0ssb@9,to$sb@g,t0$$bag,tos$bag,t0s$b@g,tossbag,t0$sba9,t0s$b@9,t0ssba9,to$sba9
twunt,twunt,twu|\|t
whinger,wh1n9er,w#!|\|ger,whin9er,w#1n9er,w#inger,wh!|\|9er,wh!nger,whi|\|ger,wh1|\|9er,wh1nger,whi|\|9er,w#!nger,wh!|\|ger,w#in9er,w#1|\|ger,wh!n9er,w#i|\|ger,w#1|\|9er,w#!n9er,wh1|\|ger,whinger,w#1nger,w#!|\|9er,w#i|\|9er
yob,y0b,yob
assclown,@$s(lown,@$s(1ow|\|,@$s(10w|\|,assc1own,@ssclown,@$sclown,@$$c10wn,a$$cl0wn,as$(10wn,as$(l0w|\|,assclow|\|,a$$(l0wn,@$$cl0wn,@s$(1ow|\|,ass(l0w|\|,a$s(low|\|,@s$(l0w|\|,a$sc10w|\|,@s$c1own,@$$clow|\|,ass(10w|\|,a$sclown,a$$clow|\|,as$c1ow|\|,assclown,@ss(10wn,@$$(l0wn,as$(low|\|,@$$(l0w|\|,a$$(low|\|,@$s(1own,a$scl0wn,a$s(l0wn,ass(10wn,@s$c10wn,a$s(lown,as$(1own,@$$(10wn,a$$cl0w|\|,a$$(1ow|\|,@$s(low|\|,a$$c1ow|\|,@$s(10wn,@ss(l0w|\|,@ss(lown,@s$cl0wn,a$sc1ow|\|,@s$c10w|\|,@ss(10w|\|,@$sc10w|\|,assc10wn,@$sclow|\|,as$(l0wn,@ss(1own,@$$(1own,ass(1ow|\|,assc1ow|\|,a$s(1own,as$clown,@$s(l0w|\|,@ssclow|\|,@$$c1ow|\|,a$$(1own,as$c1own,@$sc1ow|\|,a$$(10w|\|,@$scl0w|\|,@$$(10w|\|,asscl0wn,assc10w|\|,a$scl0w|\|,@$s(l0wn,as$(lown,@$$(lown,a$$(l0w|\|,as$c10wn,ass(low|\|,asscl0w|\|,@sscl0w|\|,ass(1own,a$sc1own,@$$(low|\|,@ssc1ow|\|,@s$(10wn,as$(1ow|\|,a$s(l0w|\|,a$s(10w|\|,a$$clown,@s$clown,a$s(1ow|\|,@$$c1own,@ssc10w|\|,a$s(10wn,@s$(l0wn,@ssc1own,as$(10w|\|,@ss(low|\|,@s$(low|\|,@s$c1ow|\|,@$scl0wn,a$$(lown,@s$cl0w|\|,@sscl0wn,@ss(l0wn,@$$c10w|\|,as$clow|\|,@ss(1ow|\|,@$$(1ow|\|,@$sc10wn,a$sclow|\|,a$$c10wn,@ssc10wn,@$$cl0w|\|,a$sc10wn,@s$(10w|\|,@$sc1own,ass(lown,as$cl0wn,a$$c1own,@s$(1own,@s$(lown,as$c10w|\|,@$$clown,as$cl0w|\|,@s$clow|\|,a$$(10wn,ass(l0wn,a$$c10w|\|
fuckstick,fuckst1(k,fu(kst1ck,fu(k$tick,fu(kstick,fu(k$ti(k,fu(kst1(k,fu(ksti(k,fuck$t1(k,fu(k$t!ck,fuck$t1ck,fu(k$t1ck,fuckst!ck,fuck$t!(k,fucksti(k,fuck$tick,fu(k$t!(k,fuck$t!ck,fuck$ti(k,fuckst1ck,fu(k$t1(k,fuckstick,fu(kst!ck,fu(kst!(k,fuckst!(k
gobshite,gobs#1te,9obs#1te,90bshite,g0bs#!te,90b$h!te,9obs#!te,g0b$#1te,9obs#ite,9ob$#1te,90bsh1te,gobs#ite,gob$h!te,g0bsh!te,g0bshite,90bs#!te,90bs#1te,gob$#!te,g0bs#ite,gobsh!te,g0b$h1te,9obsh1te,gob$h1te,gob$hite,g0b$h!te,g0b$hite,gobs#!te,g0b$#!te,gobshite,gob$#1te,gobsh1te,9ob$h1te,9ob$#ite,g0b$#ite,90b$#1te,9obshite,90b$#!te,90bsh!te,90b$hite,9ob$#!te,g0bsh1te,9ob$hite,90b$#ite,g0bs#1te,90bs#ite,90b$h1te,9ob$h!te,gob$#ite,9obsh!te
minger,|\/|!|\|9er,m!|\|9er,m1|\|9er,|\/|!n9er,|\/|1|\|ger,|\/|1n9er,|\/|i|\|ger,m!|\|ger,|\/|1nger,min9er,|\/|!nger,|\/|in9er,m1|\|ger,|\/|1|\|9er,|\/|i|\|9er,|\/|!|\|ger,m!n9er,minger,m1n9er,m1nger,|\/|inger,mi|\|ger,mi|\|9er,m!nger
nobhead,|\|0bhe@d,n0b#e@d,|\|ob#ea|),n0bhea|),nob#e@d,|\|obhe@d,|\|obhead,nobhea|),nobhead,|\|ob#ead,|\|0bhea|),n0bhe@d,nobhe@|),n0bhead,n0b#ea|),|\|0bhe@|),n0b#e@|),|\|0b#ea|),|\|ob#e@d,|\|0bhead,|\|0b#e@|),n0bhe@|),|\|obhe@|),nob#e@|),nob#ea|),|\|obhea|),|\|0b#ead,|\|0b#e@d,nobhe@d,nob#ead,|\|ob#e@|),n0b#ead
prat,prat,pr@t
ratbag,ratba9,ratb@9,r@tb@9,ratbag,r@tba9,r@tbag,ratb@g,r@tb@g
scrotum,s(rotum,$crotum,$cr0tum,$(r0tu|\/|,$cr0tu|\/|,scrotu|\/|,scr0tum,$(rotu|\/|,s(rotu|\/|,s(r0tu|\/|,$(rotum,s(r0tum,scr0tu|\/|,$crotu|\/|,$(r0tum,scrotum
shite,s#!te,$#!te,s#ite,sh1te,sh!te,$#1te,$#ite,$hite,$h1te,s#1te,$h!te,shite
shitter,s#itter,s#!tter,$hitter,$#itter,sh1tter,sh!tter,$h1tter,$#!tter,shitter,$h!tter,s#1tter,$#1tter
shitstain,$h!t$t@i|\|,s#1tst@1n,$#itst@1n,$#it$ta!|\|,$hitstai|\|,$#itst@i|\|,$hit$ta!n,$hitst@i|\|,s#!t$t@1|\|,sh!t$ta1n,$hit$t@i|\|,$hitstain,sh1tst@in,sh!tstain,shitsta1n,sh!t$t@!|\|,sh1tst@i|\|,$h!tst@!n,$#1tsta!n,$h1tst@!n,$hitsta1|\|,$#!t$ta1|\|,sh1t$tai|\|,$#!t$ta1n,$#1t$ta!|\|,$#1tsta1n,$#1t$t@!n,sh1tsta1|\|,s#it$ta1n,$h1t$ta!n,$h!tsta1|\|,$#1tsta!|\|,s#!tsta!|\|,shit$t@1n,s#!tsta1|\|,shitst@1|\|,$#itst@1|\|,$h1t$t@1n,$hitsta!n,s#it$t@in,$#1tst@1n,$hit$t@1n,shitst@!n,sh1t$t@1n,$#1tstain,s#1t$ta!|\|,$hitst@!n,shitst@i|\|,s#it$ta!n,$#!tst@!|\|,$#itstai|\|,$h1tst@in,s#1tst@i|\|,$#itst@!|\|,$h!tstain,shit$tai|\|,s#!t$t@i|\|,sh!t$tai|\|,s#1t$ta!n,$hit$tain,$h!tst@1|\|,$h1tstai|\|,$#!tst@1|\|,s#!tst@1|\|,shit$t@i|\|,sh1t$t@!|\|,$#!tsta!|\|,$h!t$t@!n,s#!t$ta!n,$h!t$t@in,$#1t$t@1|\|,$#!t$t@!n,shitsta1|\|,$#it$ta!n,sh!t$t@in,s#itsta!|\|,sh1tsta1n,shitst@in,$h1tstain,sh1tstain,$#!t$ta!n,$#!tstain,$#itsta!|\|,$#1tst@!n,$#1t$ta!n,$h!tst@!|\|,$#it$ta1|\|,s#it$t@!|\|,$#it$t@in,$h!tst@1n,s#itst@1n,$#it$tain,sh!tsta1|\|,$h!t$ta!|\|,sh!t$tain,$hitst@!|\|,s#itsta1n,$hit$tai|\|,shit$t@!|\|,$#it$ta1n,shitst@1n,s#1tstain,sh1t$t@in,s#1tstai|\|,s#1t$t@!n,$hit$t@!|\|,$h!t$t@1|\|,$#!tst@!n,sh1t$t@!n,s#!tst@in,sh1tst@1n,$hitst@1|\|,s#!tsta1n,$h!t$ta1n,sh1t$ta!n,$hit$t@!n,$h1t$t@in,$#itstain,$#!tst@1n,sh!tstai|\|,$h!t$t@!|\|,$h!t$tain,sh!t$ta!|\|,sh1tstai|\|,s#itst@i|\|,$h!tstai|\|,$#!tst@in,$#1tsta1|\|,shitstai|\|,sh!tst@!n,$#!t$t@in,s#1tsta1n,s#itsta1|\|,$h!t$tai|\|,s#!tst@1n,s#1tst@!|\|,$#1tstai|\|,$#!t$t@1n,$#1t$t@in,$h1t$ta!|\|,shitst@!|\|,$hit$ta!|\|,sh1tst@1|\|,sh1t$tain,s#1tst@1|\|,$#1tst@!|\|,$h!tsta1n,s#itst@in,$#!t$t@1|\|,sh!t$t@!n,shit$ta1n,sh!tst@1n,s#itst@!|\|,$#1tst@1|\|,$#itst@!n,$#itst@in,$#1t$t@i|\|,$h1tsta!|\|,$hit$t@in,sh!tsta1n,$h1t$t@!n,$h1t$ta1n,sh1tsta!n,shit$ta!n,s#it$t@1n,sh1tsta!|\|,shitsta!|\|,s#1t$t@i|\|,$#!tsta1n,$h1t$tai|\|,shit$t@in,$#1t$ta1|\|,$#1t$ta1n,$hitsta!|\|,s#itsta!n,$h1t$tain,shit$t@!n,$#!tst@i|\|,s#!t$tain,s#1t$tai|\|,s#1tsta!n,$#!t$t@i|\|,$h!tst@in,s#it$ta!|\|,$hit$ta1|\|,shit$ta!|\|,$h!t$ta!n,s#!tsta!n,s#!tstain,sh!t$ta!n,$h1tst@!|\|,sh!tsta!n,s#1tsta!|\|,s#it$ta1|\|,s#itst@!n,$h1t$ta1|\|,$#it$t@1|\|,$h1tsta!n,shit$t@1|\|,$#!t$t@!|\|,s#!t$ta1n,$hit$ta1n,sh!tst@!|\|,s#it$t@1|\|,s#1tsta1|\|,sh1t$t@1|\|,$#1tst@i|\|,s#!t$t@1n,s#1t$t@in,s#!t$ta1|\|,s#1t$t@1n,$h1tst@1|\|,$h1tsta1n,$#it$tai|\|,$hitst@1n,$h!t$ta1|\|,sh!t$t@1n,s#1tst@in,$#itsta1n,$h!t$t@1n,sh!t$t@1|\|,$#it$t@!|\|,sh1t$ta1n,shit$ta1|\|,sh1t$ta!|\|,$hitsta1n,$#!t$tain,s#!t$t@!|\|,$#1t$tai|\|,shit$tain,sh!tst@1|\|,sh!t$t@i|\|,$#1t$t@1n,s#it$t@!n,$#it$t@i|\|,$hitst@in,shitstain,sh!t$ta1|\|,s#!tst@i|\|,shitsta!n,s#itstain,s#itstai|\|,$#!tsta!n,$h1t$t@1|\|,s#1tst@!n,$h1t$t@i|\|,s#!t$t@!n,$#!t$tai|\|,s#1t$t@!|\|,$#itsta1|\|,$#it$t@1n,sh1t$t@i|\|,s#!tstai|\|,s#it$tain,sh!tsta!|\|,s#!t$tai|\|,$h1tst@i|\|,$#itsta!n,$#1t$t@!|\|,s#1t$tain,$h!tsta!n,$h1tsta1|\|,$#it$t@!n,s#!tst@!n,$#1t$tain,s#1t$t@1|\|,$h!tsta!|\|,$h1t$t@!|\|,$#!t$ta!|\|,sh1tst@!|\|,$h1tst@1n,s#1t$ta1n,s#it$tai|\|,$#!tstai|\|,s#!t$t@in,$h!tst@i|\|,s#!tst@!|\|,sh1t$ta1|\|,$hit$t@1|\|,sh!tst@in,s#it$t@i|\|,$#1tst@in,s#itst@1|\|,s#1t$ta1|\|,s#!t$ta!|\|,sh1tst@!n,$#!tsta1|\|,sh!tst@i|\|
skank,$kank,$k@nk,sk@nk,$k@|\|k,skank,$ka|\|k,ska|\|k,sk@|\|k
sod,s0|),sod,$0d,so|),$0|),s0d,$o|),$od
spastic,$p@sti(,spa$tic,$p@st1c,sp@$t1c,$p@$t!c,$p@st1(,spast!(,sp@$t!c,sp@st!(,$pa$ti(,$pa$t1c,sp@sti(,spa$t!c,sp@$ti(,$p@$t1(,$p@$ti(,spast!c,$p@$t1c,$pasti(,spa$t1(,$past!(,$past1(,sp@st1(,spast1(,sp@stic,$past1c,$p@$tic,$pastic,$p@st!c,sp@$t1(,spa$t1c,spa$ti(,sp@st!c,$past!c,spa$t!(,sp@$t!(,$p@$t!(,sp@st1c,$pa$t!c,sp@$tic,$p@stic,$p@st!(,spasti(,$pa$t!(,spast1c,spastic,$pa$tic,$pa$t1(
tit,t1t,t!t,tit
turd,tur|),turd
arse,ar$e,@rse,@r$e,arse
bag,b@9,ba9,b@g,bag
berk,berk
blowjob,b1owj0b,b10wjob,bl0wjob,bl0wj0b,blowj0b,blowjob,b10wj0b,b1owjob
bollock,bo110(k,b0ll0(k,bol1ock,b0llo(k,bollock,bo1l0ck,bol1o(k,b0l10(k,b0l1o(k,b0llock,b01l0ck,b01l0(k,bo11o(k,b0110ck,boll0ck,bol10ck,b0l10ck,b0110(k,b0l1ock,b0ll0ck,b011o(k,bo1lock,bo1l0(k,bo11ock,b01lo(k,b011ock,bollo(k,bo1lo(k,bo110ck,boll0(k,bol10(k,b01lock
butt,butt
goblin,9ob1!|\|,g0bl1n,90b1!n,90b1!|\|,9ob1in,9obl1n,g0bli|\|,9obli|\|,gobl!n,9ob11|\|,g0b1i|\|,90bl1n,90bli|\|,gob1!n,90bl!n,90b11|\|,90b1in,gob1i|\|,9ob1!n,90bl!|\|,g0b11n,9oblin,g0bl1|\|,9ob1i|\|,gob1!|\|,90b1i|\|,9obl!n,g0b1!|\|,gob11|\|,90bl1|\|,g0b1in,g0blin,90blin,gobli|\|,gobl!|\|,gob1in,g0b11|\|,g0b1!n,goblin,9obl!|\|,gobl1|\|,gobl1n,g0bl!n,g0bl!|\|,9ob11n,9obl1|\|,90b11n,gob11n
lame,lame,l@me,la|\/|e,1@|\/|e,1ame,l@|\/|e,1a|\/|e,1@me
muppet,muppet,|\/|uppet
nerd,ner|),|\|erd,nerd,|\|er|)
scrub,s(rub,scrub,$crub,$(rub
skirt,sk1rt,skirt,sk!rt,$kirt,$k1rt,$k!rt
toss,t0ss,t0$s,to$s,t0$$,to$$,toss,t0s$,tos$
bint,b!|\|t,bi|\|t,b1nt,b!nt,b1|\|t,bint
clown,c1ow|\|,(l0wn,(10w|\|,(low|\|,clow|\|,(1own,c1own,(10wn,c10wn,c10w|\|,(l0w|\|,clown,cl0w|\|,cl0wn,(1ow|\|,(lown
arsewipe,ar$ew!pe,@r$ew!pe,ar$ewipe,arsew1pe,ar$ew1pe,@rsew1pe,@rsewipe,@r$ewipe,@rsew!pe,arsew!pe,@r$ew1pe,arsewipe
bellend,bellen|),belle|\||),be11e|\|d,be11e|\||),bel1end,be11en|),bel1e|\|d,belle|\|d,be1le|\||),bellend,be1len|),be11end,be1le|\|d,bel1e|\||),bel1en|),be1lend
blighter,b11g#ter,bl!g#ter,bl19#ter,b1!9#ter,bl19hter,b1!9hter,bl!9#ter,b1ig#ter,bl1ghter,b1ighter,blig#ter,bli9hter,bl1g#ter,blighter,b11ghter,bl!ghter,bli9#ter,b119#ter,b1!ghter,b1i9#ter,bl!9hter,b119hter,b1!g#ter,b1i9hter
blowhard,b1owh@r|),bl0wh@r|),blowh@rd,bl0w#ar|),b1owhard,b10w#@r|),bl0whar|),b10w#ard,b1ow#ar|),bl0w#@rd,b1owh@rd,blow#@rd,blow#ard,b1ow#@rd,b10w#ar|),b1ow#ard,b10wh@rd,bl0w#@r|),bl0whard,blowhard,b1owhar|),b10w#@rd,blow#@r|),blowhar|),bl0wh@rd,blow#ar|),b10wh@r|),b10whard,blowh@r|),b10whar|),b1ow#@r|),bl0w#ard
bogus,bogu$,b09u$,bogus,b0gus,bo9u$,bo9us,b09us,b0gu$
boor,boor,b00r,bo0r,b0or
bug,bug,bu9
chode,c#0de,(h0|)e,c#o|)e,cho|)e,c#ode,(hode,(ho|)e,(h0de,(#ode,chode,(#0|)e,(#o|)e,ch0|)e,c#0|)e,ch0de,(#0de
cob,cob,(0b,(ob,c0b
cockhead,c0(khea|),(ockhe@|),c0(k#ead,(o(k#e@d,(ockhea|),c0ckhe@|),co(k#e@|),(ockhe@d,c0(khead,c0(khe@d,(0(khe@d,(o(khe@|),(0ck#ead,co(khe@|),c0ck#e@|),cock#e@d,cock#ead,(0ckhe@|),(o(k#ea|),(ockhead,c0(k#e@|),co(k#ead,co(khe@d,c0(k#ea|),(0(k#e@|),c0ckhea|),c0(k#e@d,(0ckhea|),c0ck#e@d,(o(k#e@|),c0ckhe@d,cock#e@|),co(khea|),(0(k#ead,(o(khe@d,co(k#ea|),(0(khead,(ock#e@d,(ock#ea|),(o(khead,(o(khea|),(ock#e@|),cock#ea|),cockhead,cockhea|),(0ckhead,c0(khe@|),(ock#ead,(0ck#ea|),(0(khe@|),c0ck#ead,co(khead,(0ckhe@d,(0(k#e@d,c0ck#ea|),(0ck#e@|),(0ck#e@d,(o(k#ead,(0(khea|),cockhe@|),cockhe@d,c0ckhead,co(k#e@d,(0(k#ea|)
con,co|\|,c0n,(o|\|,(0|\|,c0|\|,(on,(0n,con
crap,(rap,cr@p,crap,(r@p
drunkard,drunkar|),drunk@rd,|)ru|\|kard,dru|\|kard,dru|\|k@r|),|)ru|\|kar|),|)runk@r|),|)runk@rd,|)ru|\|k@rd,dru|\|k@rd,|)ru|\|k@r|),|)runkard,|)runkar|),drunkard,drunk@r|),dru|\|kar|)
dumb,|)u|\/|b,dumb,du|\/|b,|)umb
fool,f00l,fool,f001,fo0l,f0o1,f0ol,foo1,fo01
fuckhead,fu(khe@d,fuck#e@|),fuck#ea|),fuckhead,fu(k#e@|),fuck#ead,fuckhea|),fu(k#e@d,fuckhe@|),fu(khea|),fuckhe@d,fuck#e@d,fu(khe@|),fu(k#ead,fu(khead,fu(k#ea|)
gash,9a$#,9@sh,g@$#,9@$h,9as#,g@s#,ga$#,9ash,9a$h,9@$#,gas#,g@sh,gash,9@s#,g@$h,ga$h
git,git,9it,9!t,g!t,91t,g1t
goon,90o|\|,900n,g0o|\|,g00n,9oo|\|,9o0n,90on,go0|\|,900|\|,g0on,goo|\|,g00|\|,goon,go0n,9o0|\|,9oon
gutter,9utter,gutter
hag,ha9,h@g,hag,#@9,h@9,#a9,#ag,#@g
hardhead,h@r|)hea|),hardhead,har|)#e@|),hardhe@|),#@rd#e@|),#@r|)#e@|),hardhea|),h@rd#ead,#ard#ead,#ar|)he@|),#@r|)head,h@rdhea|),hardhe@d,#ar|)he@d,har|)head,h@r|)head,#ardhe@d,#ard#e@|),h@r|)#ead,#@rdhe@d,#ar|)hea|),hard#e@d,hard#ea|),#ar|)#ea|),har|)#ead,h@r|)#e@d,h@rdhe@|),#@rd#e@d,#@r|)he@d,har|)hea|),#@rdhea|),#ard#ea|),#ar|)#ead,#@r|)he@|),h@rdhe@d,h@rd#e@|),h@r|)#ea|),#ar|)#e@d,#@rd#ea|),#ardhe@|),har|)#e@d,#ar|)head,#@r|)#e@d,h@rdhead,h@rd#e@d,#@r|)#ea|),#@r|)hea|),hard#e@|),har|)#ea|),har|)he@d,#ardhea|),#ardhead,har|)he@|),#ard#e@d,#@rdhead,#@rdhe@|),#@r|)#ead,h@r|)he@|),#@rd#ead,#ar|)#e@|),hard#ead,h@rd#ea|),h@r|)#e@|),h@r|)he@d
hick,h1ck,h!(k,hi(k,#!(k,#ick,#!ck,h1(k,h!ck,hick,#i(k,#1(k,#1ck
imp,i|\/|p,imp,1mp,1|\/|p,!mp,!|\/|p
inbred,i|\|bred,!nbre|),!|\|bre|),!|\|bred,1|\|bred,i|\|bre|),1nbre|),inbred,1nbred,inbre|),1|\|bre|),!nbred
jagoff,ja9off,j@9off,jag0ff,ja90ff,j@goff,j@90ff,jagoff,j@g0ff
jackass,jacka$s,j@ck@$$,j@ckas$,ja(ka$s,j@ck@ss,ja(k@$s,j@(kass,jack@ss,j@(ka$s,jacka$$,ja(kas$,j@cka$s,ja(k@s$,jack@s$,jack@$s,j@(k@s$,ja(ka$$,j@(k@$$,ja(kass,j@(k@ss,ja(k@$$,j@ckass,j@ck@s$,jackass,jack@$$,ja(k@ss,j@(kas$,jackas$,j@(k@$s,j@ck@$s,j@(ka$$,j@cka$$
jerkoff,jerk0ff,jerkoff
lamebrain,la|\/|ebr@1n,1@mebrai|\|,l@|\/|ebr@in,l@|\/|ebr@1|\|,1a|\/|ebr@1n,1a|\/|ebra1n,1amebr@1n,la|\/|ebra!n,1amebra!|\|,1a|\/|ebr@1|\|,l@|\/|ebrai|\|,1a|\/|ebrain,lamebrain,1amebr@in,1amebra1n,1amebrain,l@mebr@1|\|,l@mebr@in,1amebr@1|\|,lamebr@!n,la|\/|ebr@!|\|,1@mebr@in,l@|\/|ebr@i|\|,1@mebra1|\|,lamebra!|\|,l@mebr@!|\|,1@mebrain,1@mebra1n,1a|\/|ebra!|\|,1@|\/|ebra1n,lamebr@1n,l@mebrai|\|,1amebr@!n,l@|\/|ebra1|\|,la|\/|ebr@!n,l@|\/|ebr@!|\|,l@|\/|ebr@!n,1amebra!n,l@mebr@i|\|,la|\/|ebr@in,l@mebr@!n,lamebr@i|\|,la|\/|ebr@1|\|,lamebra1n,1a|\/|ebr@in,1@|\/|ebr@!n,l@mebr@1n,1amebra1|\|,l@|\/|ebrain,1@mebra!|\|,1amebr@!|\|,1@mebr@!|\|,l@mebra!n,la|\/|ebra1n,la|\/|ebra!|\|,1@|\/|ebra!|\|,1@|\/|ebrai|\|,1a|\/|ebr@!n,l@|\/|ebra1n,la|\/|ebrai|\|,1@|\/|ebrain,1@|\/|ebra1|\|,lamebra1|\|,la|\/|ebra1|\|,1a|\/|ebra!n,l@mebra1|\|,lamebr@!|\|,1@mebr@1n,1amebr@i|\|,1a|\/|ebra1|\|,l@mebra!|\|,la|\/|ebrain,lamebra!n,l@|\/|ebra!|\|,lamebr@in,1a|\/|ebr@i|\|,l@mebra1n,1@mebr@!n,1@|\/|ebr@i|\|,1@|\/|ebr@in,1@|\/|ebra!n,1a|\/|ebr@!|\|,l@mebrain,l@|\/|ebr@1n,1@|\/|ebr@!|\|,lamebr@1|\|,1@mebra!n,1@|\/|ebr@1n,la|\/|ebr@i|\|,1a|\/|ebrai|\|,1@mebr@i|\|,1@mebr@1|\|,1amebrai|\|,1@|\/|ebr@1|\|,lamebrai|\|,l@|\/|ebra!n
lamewad,1@|\/|ewa|),1amewad,l@mewad,lamewad,1@|\/|ewad,lamew@d,l@mewa|),1a|\/|ew@|),1@|\/|ew@d,lamew@|),1a|\/|ew@d,la|\/|ew@d,1@mew@|),lamewa|),1@|\/|ew@|),la|\/|ew@|),1@mew@d,la|\/|ewa|),1amewa|),l@mew@d,1amew@d,l@|\/|ew@d,l@|\/|ewad,la|\/|ewad,l@|\/|ewa|),1@mewad,l@mew@|),1@mewa|),l@|\/|ew@|),1a|\/|ewad,1amew@|),1a|\/|ewa|)
lout,10ut,l0ut,1out,lout
maggot,m@9g0t,|\/|@g9ot,|\/|ag9ot,ma9got,ma9g0t,magg0t,mag9ot,m@g9ot,|\/|@9got,|\/|@9g0t,m@g90t,|\/|ag90t,|\/|@ggot,ma990t,m@gg0t,maggot,|\/|a990t,m@ggot,|\/|agg0t,m@99ot,|\/|@990t,mag90t,m@9got,|\/|a9got,|\/|@g90t,ma99ot,|\/|a9g0t,m@990t,|\/|@gg0t,|\/|aggot,|\/|@99ot,|\/|a99ot
mash,|\/|a$h,m@sh,m@s#,m@$h,|\/|@s#,ma$#,mas#,|\/|a$#,|\/|@$#,|\/|ash,ma$h,|\/|as#,|\/|@sh,|\/|@$h,m@$#,mash
meathead,|\/|eathe@|),|\/|eathea|),|\/|e@thead,meathead,|\/|eat#e@d,|\/|e@the@d,me@thea|),|\/|eathe@d,|\/|e@the@|),|\/|e@thea|),meat#ead,me@thead,me@t#ea|),|\/|e@t#ea|),meathea|),|\/|e@t#e@d,meat#e@d,me@t#ead,|\/|eathead,me@t#e@|),me@the@|),|\/|eat#ead,|\/|eat#e@|),|\/|e@t#ead,|\/|eat#ea|),|\/|e@t#e@|),meat#ea|),meathe@|),meathe@d,me@the@d,me@t#e@d,meat#e@|)
mook,|\/|ook,|\/|00k,|\/|0ok,m0ok,mo0k,|\/|o0k,mook,m00k
numskull,nu|\/|$kull,|\|um$kull,nu|\/|$ku1l,|\|um$kul1,|\|umskul1,|\|u|\/|skull,nu|\/|$kul1,|\|umsku11,|\|umskull,|\|u|\/|$ku1l,num$ku1l,numskul1,|\|umsku1l,|\|um$ku11,num$kull,numsku1l,numsku11,nu|\/|skull,nu|\/|sku11,num$kul1,|\|u|\/|$ku11,numskull,|\|um$ku1l,num$ku11,nu|\/|sku1l,|\|u|\/|sku1l,|\|u|\/|$kul1,|\|u|\/|$kull,|\|u|\/|skul1,|\|u|\/|sku11,nu|\/|$ku11,nu|\/|skul1
puke,puke
rat,rat,r@t
retch,ret(#,retc#,retch,ret(h
scum,scum,$cu|\/|,s(u|\/|,$(u|\/|,scu|\/|,$cum,s(um,$(um
shmuck,$#mu(k,shmu(k,sh|\/|uck,$#|\/|uck,$#|\/|u(k,sh|\/|u(k,s#|\/|u(k,shmuck,$hmuck,$h|\/|uck,$#muck,$hmu(k,$h|\/|u(k,s#muck,s#|\/|uck,s#mu(k
slime,s1!|\/|e,$lime,$l!me,$11|\/|e,sl!me,sl!|\/|e,$li|\/|e,sli|\/|e,$1i|\/|e,$1ime,s1i|\/|e,sl1me,s11me,$1!me,$11me,s1ime,$1!|\/|e,sl1|\/|e,slime,$l1me,$l!|\/|e,s1!me,$l1|\/|e,s11|\/|e
squirt,squ1rt,squirt,$quirt,squ!rt,$qu1rt,$qu!rt
stink,sti|\|k,st!nk,$ti|\|k,$t!nk,$t1nk,st!|\|k,$t!|\|k,$tink,st1|\|k,$t1|\|k,stink,st1nk
troll,tro1l,tr0ll,tr011,tro11,trol1,tr01l,tr0l1,troll
whinge,w#1n9e,wh1n9e,wh!n9e,whi|\|ge,w#in9e,w#i|\|ge,wh1nge,w#!n9e,w#!|\|9e,whin9e,wh!nge,w#!nge,w#1|\|ge,whi|\|9e,wh!|\|ge,wh!|\|9e,w#1|\|9e,w#!|\|ge,wh1|\|ge,whinge,w#1nge,w#i|\|9e,wh1|\|9e,w#inge
wacko,w@(ko,w@ck0,wacko,w@(k0,wack0,wa(ko,w@cko,wa(k0
wackjob,w@ckj0b,w@(kjob,wackjob,wa(kj0b,wackj0b,w@ckjob,wa(kjob,w@(kj0b
zombie,zombie,zomb!e,zomb1e,zo|\/|b1e,z0mbie,z0|\/|b1e,zo|\/|bie,z0mb1e,z0mb!e,z0|\/|b!e,z0|\/|bie,zo|\/|b!e
backward,ba(kw@r|),b@ckw@rd,b@(kward,b@(kw@r|),backw@rd,backw@r|),b@ckwar|),b@ckward,b@ckw@r|),b@(kwar|),backwar|),ba(kward,ba(kw@rd,backward,ba(kwar|),b@(kw@rd
bampot,ba|\/|pot,ba|\/|p0t,b@mp0t,b@|\/|p0t,b@mpot,bampot,b@|\/|pot,bamp0t
slag,s1a9,s1ag,slag,s1@g,$l@9,$1ag,sl@9,sla9,$1a9,$1@9,$lag,$l@g,s1@9,$1@g,sl@g,$la9
twit,tw!t,twit,tw1t
